Tempo de execucao, Entrada de dados
4.1369e-06, 1000
3.65218e-05, 10000
0.000325859, 100000
0.00130988, 500000
